imageUrl,caption
../../../assets/img/orquestaq.jpeg,"I'm so happy today!"
../../../assets/img/orquesta6.jpeg,"I'm so happy today!"
../../../assets/img/orquesta5.jpeg,"I'm so happy today!"
../../../assets/img/orquesta3.jpeg,"I'm so happy today!"
../../../assets/img/orquesta4.jpg,"I'm so happy today!"
../../../assets/img/orquesta2.jpg,"I'm so happy today!"
../../../assets/img/ecorial.jpg,"I'm so happy today!"
../../../assets/img/Copia de IMG_1571.JPG,"I'm so happy today!"
../../../assets/img/Copia de IMG_1575.JPG,"I'm so happy today!"
../../../assets/img/Copia de IMG_1580.JPG,"I'm so happy today!"
../../../assets/img/FIERRO.jpg,"I'm so happy today!"
../../../assets/img/flauta.JPG,"I'm so happy today!"
